Municode:

    Agoura Hills
    Alameda
    Alameda County
    Alturas
    Amador City
    Anderson
    Apple Valley
    Arcadia
    Arroyo Grande
    Arvin
    Atwater
    Auburn
    Azusa
    Banning
    Barstow
    Beaumont
    Belmont
    Big Bear Lake
    Bishop
    Blythe
    Bradbury
    Brawley
    Brisbane
    Butte County
    Calaveras County
    Calexico
    California City
    Camarillo
    Cambria Community Services District
    Campbell
    Carpinteria
    Central Contra Costa Sanitary District
    Ceres
    Chino
    Chino Hills
    Chowchilla City
    Citrus Heights
    City of Calabasas
    City of Mountain House
    Clayton
    Coachella
    Coalinga
    Colfax
    Colton
    Colusa
    Commerce
    Contra Costa County
    Corning
    Corte Madera
    Cucamonga Valley Water District
    Daly City
    Del Mar
    Del Norte County
    Del Rey Oaks
    Delano
    Diamond Bar
    Duarte
    Dunsmuir
    East Bay Regional Park District
    East Palo Alto
    Eastvale
    El Centro
    El Cerrito
    El Dorado County
    El Monte
    El Paso de Robles
    Exeter
    Farmersville
    Fillmore
    Fontana
    Fort Jones
    Fowler
    Fresno
    Fresno County
    Grand Terrace
    Grass Valley
    Gustine
    Hawaiian Gardens
    Hayward
    Hemet
    Heritage Ranch Community Services District
    Hesperia
    Hidden Hills
    Hillsborough
    Hollister
    Huron
    Imperial County
    Ione
    Irvine
    Irwindale
    Isleton
    Jurupa Valley
    Kern County
    Kings County
    Kingsburg
    LA County - BOS
    La Mesa
    La Palma
    La Quinta
    Lafayette
    Laguna Niguel
    Laguna Woods
    Lake County
    Lancaster
    Lincoln
    Lindsay
    Lodi
    Lomita
    Long Beach
    Los Altos
    Los Angeles County
    Los Gatos
    Madera County
    Mammoth Lakes
    Manhattan Beach
    Marin County
    Mariposa County
    Martinez
    Maywood
    McFarland
    Mendocino County
    Mendota
    Merced
    Milpitas
    Mission Viejo
    Modesto
    Modoc County
    Mono County
    Montclair
    Monte Sereno
    Montebello
    Monterey County
    Moraga
    Morgan Hill
    Morro Bay
    Mountain View
    Napa County
    National City
    Nevada City
    Nevada County
    Newark
    Nipomo Community Service District Code
    Novato
    Oakland
    Oceano Community Services District
    Oceanside
    Orange County
    Orange Cove
    Orinda
    Orland
    Pacifica
    Paradise
    Parlier
    Pasadena
    Perris
    Pleasant Hill Recreation & Park District
    Plumas County
    Pomona
    Port Hueneme
    Port of Oakland
    Portola
    Portola Valley
    Rancho Palos Verdes
    Rancho Santa Margarita
    Redding
    Redwood City
    Rialto
    Richmond
    Ridgecrest
    Riverside
    Riverside County
    Rocklin
    Rohnert Park
    Rolling Hills
    Rolling Hills Estates
    Rosemead
    Salinas
    San Anselmo
    San Benito County Water District
    San Clemente
    San Fernando
    San Francisco Bay Area Rapid Transit District (BART)
    San Joaquin County
    San Jose
    San Luis Obispo County
    San Marcos
    San Mateo County
    San Rafael
    Sanger
    Santa Ana
    Santa Barbara County
    Santa Clara County
    Santa Fe Springs
    Saratoga
    Scotts Valley
    Shafter
    Shasta County
    Shasta Lake
    Sierra Madre
    Simi Valley
    Siskiyou County
    Soledad
    Sonoma County
    Sonora
    Suisun City
    Sutter County
    Sutter Creek
    Tehachapi
    Tehama
    Tehama County
    Templeton Community Service District
    Tiburon
    Tracy
    Trinity County
    Truckee
    Tustin
    Twentynine Palms
    Vallejo
    Vallejo Flood and Wastewater District
    Ventura County
    Victorville
    Villa Park
    Weed
    West Covina
    Westlake Village
    Whittier
    Williams
    Willits
    Windsor
    Woodlake
    Woodside
    Yreka
    Yuba City
    Yuba County


amlegal:

    Adelanto
    Alhambra
    Anaheim
    Antioch
    Baldwin Park
    Bear Valley
    Beverly Hills
    Brea
    Canyon Lake
    Carmel Area Wastewater District
    Chico
    Corcoran
    Corona
    Culver City
    Danville
    El Segundo
    Eureka
    Fairfax
    Fullerton
    Gridley
    Grover Beach
    Indio
    La Mirada
    La Puente
    Lemoore
    Livingston
    Los Angeles
    Los Angeles County Metropolitan Transportation Authority
    Madera
    Menifee
    Monrovia
    Murrieta
    Ontario
    Oxnard
    Palo Alto
    Pinole
    Pismo Beach
    Placerville
    Pleasant Valley Recreation and Park District
    Porterville
    Red Bluff
    Redlands
    Reedley
    Riverbank
    Sacramento
    San Benito County
    San Bernardino
    San Bernardino County
    San Diego County
    San Francisco
    San Gabriel
    San Joaquin
    San Marino
    Santa Paula
    Selma
    Signal Hill
    Taft
    Temple City
    Thousand Oaks
    Tulare
    Visalia
    Yolo County
    Yucaipa
    Yucca Valley


generalcode:

    Alpine County
    Amador County
    Castro Valley Sanitary District
    Cathedral City
    Chicken Ranch Rancheria Tribe
    City of Albany
    City of Aliso Viejo
    City of Angels Camp
    City of Arcata
    City of Artesia
    City of Atascadero
    City of Avalon
    City of Bakersfield
    City of Bell Gardens
    City of Bell
    City of Bellflower
    City of Belvedere
    City of Benicia
    City of Berkeley
    City of Biggs
    City of Blue Lake
    City of Brentwood
    City of Buellton
    City of Buena Park
    City of Burbank
    City of Burlingame
    City of Calimesa
    City of Calistoga
    City of Capitola
    City of Carlsbad
    City of Carmel-by-the-Sea
    City of Carson
    City of Cerritos
    City of Chula Vista
    City of Claremont
    City of Clearlake
    City of Cloverdale
    City of Clovis
    City of Compton
    City of Concord
    City of Coronado
    City of Costa Mesa
    City of Cotati
    City of Covina
    City of Cudahy
    City of Cypress
    City of Dana Point
    City of Davis
    City of Desert Hot Springs
    City of Dinuba
    City of Dixon
    City of Downey
    City of Dublin
    City of El Cajon
    City of Elk Grove
    City of Emeryville
    City of Encinitas
    City of Escalon
    City of Escondido
    City of Etna
    City of Fairfield
    City of Firebaugh
    City of Folsom
    City of Fort Bragg
    City of Fortuna
    City of Foster City
    City of Fountain Valley
    City of Fremont
    City of Galt
    City of Garden Grove
    City of Gardena
    City of Gilroy
    City of Glendale
    City of Glendora
    City of Goleta
    City of Gonzales
    City of Greenfield
    City of Guadalupe
    City of Half Moon Bay
    City of Hanford
    City of Hawthorne
    City of Healdsburg
    City of Hercules
    City of Hermosa Beach
    City of Highland
    City of Holtville
    City of Hughson
    City of Huntington Beach
    City of Huntington Park
    City of Imperial Beach
    City of Indian Wells
    City of Industry
    City of Inglewood
    City of Jackson
    City of Kerman
    City of King
    City of La Canada Flintridge
    City of La Habra Heights
    City of La Habra
    City of La Verne
    City of Laguna Beach
    City of Laguna Hills
    City of Lake Elsinore
    City of Lake Forest
    City of Lakeport
    City of Lakewood
    City of Larkspur
    City of Lathrop
    City of Lawndale
    City of Lemon Grove
    City of Live Oak
    City of Livermore
    City of Loma Linda
    City of Lompoc
    City of Loomis
    City of Los Alamitos
    City of Los Angeles Local Building Codes
    City of Los Banos
    City of Lynwood
    City of Malibu
    City of Manteca
    City of Marina
    City of Marysville
    City of Menlo Park
    City of Mill Valley
    City of Millbrae
    City of Montague
    City of Monterey Park
    City of Monterey
    City of Moorpark
    City of Moreno Valley
    City of Mt. Shasta
    City of Napa
    City of Newman
    City of Newport Beach
    City of Norco
    City of Norwalk
    City of Oakdale
    City of Oakley
    City of Ojai
    City of Orange
    City of Oroville
    City of Pacific Grove
    City of Palm Desert
    City of Palm Springs
    City of Palmdale
    City of Palos Verdes Estates
    City of Paramount
    City of Patterson
    City of Petaluma
    City of Pico Rivera
    City of Pittsburg
    City of Placentia
    City of Pleasant Hill
    City of Pleasanton
    City of Plymouth
    City of Point Arena
    City of Poway
    City of Rancho Cordova
    City of Rancho Cucamonga
    City of Rancho Mirage
    City of Redondo Beach
    City of Rio Dell
    City of Rio Vista
    City of Roseville
    City of San Bruno
    City of San Buenaventura
    City of San Carlos
    City of San Dimas
    City of San Jacinto
    City of San Juan Bautista
    City of San Juan Capistrano
    City of San Leandro
    City of San Luis Obispo
    City of San Pablo
    City of Sand City
    City of Santa Barbara
    City of Santa Clara
    City of Santa Clarita
    City of Santa Cruz
    City of Santa Maria
    City of Santa Monica
    City of Santa Rosa
    City of Santee
    City of Sausalito
    City of Seal Beach
    City of Seaside
    City of Sebastopol
    City of Solana Beach
    City of Solvang
    City of Sonoma
    City of South El Monte
    City of South Gate
    City of South Lake Tahoe
    City of South Pasadena
    City of South San Francisco
    City of St. Helena
    City of Stanton
    City of Stockton
    City of Sunnyvale
    City of Susanville
    City of Temecula
    City of Torrance
    City of Trinidad
    City of Turlock
    City of Ukiah
    City of Union City
    City of Upland
    City of Vacaville
    City of Vernon
    City of Walnut Creek
    City of Walnut
    City of Wasco
    City of Waterford
    City of Watsonville
    City of West Hollywood
    City of West Sacramento
    City of Westminster
    City of Wheatland
    City of Wildomar
    City of Willows
    City of Winters
    City of Woodland
    City of Yorba Linda
    Coachella Valley Water District
    Colusa County
    Crescent City
    Dublin San Ramon Services District
    Hi-Desert Water District
    Humboldt County
    Inyo County
    Karuk Tribe
    Las Virgenes Municipal Water District
    Lassen County
    Los Angeles County Local Building Codes
    Malaga County Water District
    Marin County Sanitary District No. 5
    Marin Municipal Water District
    Merced County
    Pinedale County Water District
    Placer County
    Sacramento County
    San Mateo County Harbor District
    Santa Cruz County Sanitation District
    Santa Cruz County
    Seaside County Sanitation District
    Sierra County
    Solano County
    Stanislaus County
    Town of Atherton
    Town of Los Altos Hills
    Town of Yountville
    Tulare County
    West County Wastewater District
    Western Municipal Water District
    Wilton Rancheria
    Wiyot Tribe
    Yurok Tribe
